[{"model": "contenttypes.contenttype", "fields": {"app_label": "admin", "model": "logentry"}}, {"model": "contenttypes.contenttype", "fields": {"app_label": "auth", "model": "permission"}}, {"model": "contenttypes.contenttype", "fields": {"app_label": "auth", "model": "group"}}, {"model": "contenttypes.contenttype", "fields": {"app_label": "auth", "model": "user"}}, {"model": "contenttypes.contenttype", "fields": {"app_label": "contenttypes", "model": "contenttype"}}, {"model": "contenttypes.contenttype", "fields": {"app_label": "sessions", "model": "session"}}, {"model": "contenttypes.contenttype", "fields": {"app_label": "news", "model": "author"}}, {"model": "contenttypes.contenttype", "fields": {"app_label": "news", "model": "category"}}, {"model": "contenttypes.contenttype", "fields": {"app_label": "news", "model": "post"}}, {"model": "contenttypes.contenttype", "fields": {"app_label": "news", "model": "user"}}, {"model": "contenttypes.contenttype", "fields": {"app_label": "news", "model": "postcategory"}}, {"model": "contenttypes.contenttype", "fields": {"app_label": "news", "model": "comment"}}, {"model": "contenttypes.contenttype", "fields": {"app_label": "authors", "model": "author"}}, {"model": "contenttypes.contenttype", "fields": {"app_label": "sites", "model": "site"}}, {"model": "contenttypes.contenttype", "fields": {"app_label": "flatpages", "model": "flatpage"}}, {"model": "contenttypes.contenttype", "fields": {"app_label": "account", "model": "emailaddress"}}, {"model": "contenttypes.contenttype", "fields": {"app_label": "account", "model": "emailconfirmation"}}, {"model": "contenttypes.contenttype", "fields": {"app_label": "socialaccount", "model": "socialaccount"}}, {"model": "contenttypes.contenttype", "fields": {"app_label": "socialaccount", "model": "socialapp"}}, {"model": "contenttypes.contenttype", "fields": {"app_label": "socialaccount", "model": "socialtoken"}}, {"model": "contenttypes.contenttype", "fields": {"app_label": "appointments", "model": "appointment"}}, {"model": "contenttypes.contenttype", "fields": {"app_label": "django_apscheduler", "model": "djangojob"}}, {"model": "contenttypes.contenttype", "fields": {"app_label": "django_apscheduler", "model": "djangojobexecution"}}, {"model": "sessions.session", "pk": "3h3ed519vfsy2dh4od6uv0fa24dst21a", "fields": {"session_data": ".eJxVjEEKwyAQAP_iuUiCqxt77L1vkHVda9qiEJNT6N9LIIf2OjPMrgJtawlblyXMSV2VU5dfFolfUg-RnlQfTXOr6zJHfST6tF3fW5L37Wz_BoV6ObYyAiSeCAAJAZNA9tHaTE4cDnG0II4TRSbjh2lgNs5PjDgaAzl79fkC8kU4GQ:1onwlG:sZkEjjHLASTGh1b_TmzrjmDOFDHAZOft8t16aiXZBdo", "expire_date": "2022-11-10T06:53:06.212"}}, {"model": "sessions.session", "pk": "7yl1xcz3dwx3re13b5nbx638pi5t6qxp", "fields": {"session_data": ".eJxVjcsKgzAQRf8l6yLmhRN37Y-EZJzBUInFRLCU_nu1uGiX93XuS_iw1tGvhRafBtELKy6_Xgx4p3wEYZoOuwmI85pr8-2ccWmuu6JcE4aa5nw7V3-oMZRx58BAbJVGVgoIlI0OEIGN1lJqyyRR82Cic8YwA7ccjTUdoeOOQVJ7QAuVst942h5peYq-fX8A1aJECw:1ooJ8x:1ejlX-O-_HtXgmDTVhDCXhAMy-eOcZw4kopPUlLPbtQ", "expire_date": "2022-11-11T06:47:03.851"}}, {"model": "sessions.session", "pk": "8uypoehdw5tifknovqi72v48f9ovggbj", "fields": {"session_data": ".eJxVjUEOgyAQAP_C2RgVFPDWfoQssERSShvBpqbp34vGNPG4M7uzHwLGPJaY1Qtn7zxahXfwgYxxCaH62yXhTEaykoooWPK0A-VtYZ08Qw3mhnEzEMKG6yNS7zuHTvWlTBizN5D9I16Pq1NqgjSVjnE4NKit5tbZljljGe_N0LZs6BuNQgvoGecoJZXCQcsoQmeFZnKgVHf9Fk2YUnmj8P3080rG5vsDDAJWBQ:1ouoj8:7z7wsqsjBLKhwlAIFYCrNUpeGG_ktPPNzPErtfRfbds", "expire_date": "2022-11-29T10:43:18.207"}}, {"model": "sessions.session", "pk": "a18da53zqqht3ou99br1vhchwzl9fk37", "fields": {"session_data": ".eJxVjEEKwyAQAP_iuUiCqxt77L1vkHVda9qiEJNT6N9LIIf2OjPMrgJtawlblyXMSV2VU5dfFolfUg-RnlQfTXOr6zJHfST6tF3fW5L37Wz_BoV6ObYyAiSeCAAJAZNA9tHaTE4cDnG0II4TRSbjh2lgNs5PjDgaAzl79fkC8kU4GQ:1olQfX:6RT-PzGpKvhPGOZpjEfEFg_lrt1Y-8qlkYTyNoNsqOM", "expire_date": "2022-11-03T08:12:47.528"}}, {"model": "sessions.session", "pk": "aundm0nygjgly8d5pr0g1utlrwaaunlr", "fields": {"session_data": ".eJxVjEEKwyAQAP_iuUiCqxt77L1vkHVda9qiEJNT6N9LIIf2OjPMrgJtawlblyXMSV2VU5dfFolfUg-RnlQfTXOr6zJHfST6tF3fW5L37Wz_BoV6ObYyAiSeCAAJAZNA9tHaTE4cDnG0II4TRSbjh2lgNs5PjDgaAzl79fkC8kU4GQ:1or19o:GBs3BgnGGU9rq5QNaDJetz-MoD48WGG-uL0FBxvmLq8", "expire_date": "2022-11-18T23:11:08.296"}}, {"model": "sessions.session", "pk": "awgzx119d9l8o1re4neps12kkiziscp4", "fields": {"session_data": ".eJxVjU0OwiAQhe_C2jRT2gJ2pxchwzCkxIaaQhON8e5S04Uu39_3XsLiVia7ZV5t9GIU0ojTr-mQbpz2BOd5txskWrZUmm_niHNzqYpTiYQlLul6rP5QE-apcjQBILogFUvpNSDrFlsYQAUzSN3JHoLmVhqjhj4o9OCdJ4Izd4zg-h2aOed6Y_lxj-tTjPD-AOF5Q8k:1osTEN:xZdyQiJgaYnygOczMqYOQ2ZqFtyDOFnQl48LcO0DXQM", "expire_date": "2022-11-22T18:21:51.310"}}, {"model": "sessions.session", "pk": "e7rqt5cb35becnr74gytqo2yan3p4qo3", "fields": {"session_data": ".eJxVjEEKwyAQAP_iuUiCqxt77L1vkHVda9qiEJNT6N9LIIf2OjPMrgJtawlblyXMSV2VU5dfFolfUg-RnlQfTXOr6zJHfST6tF3fW5L37Wz_BoV6ObYyAiSeCAAJAZNA9tHaTE4cDnG0II4TRSbjh2lgNs5PjDgaAzl79fkC8kU4GQ:1ohw2w:_SjRid5NfQUHBMu1BchqZKdbsphr4kgs0Biv9yD7fxs", "expire_date": "2022-10-24T16:54:30.032"}}, {"model": "sessions.session", "pk": "f2m7lf1o9fwph71gzhai78on419mro5v", "fields": {"session_data": ".eJxVjEEKwyAQAP_iuUiCqxt77L1vkHVda9qiEJNT6N9LIIf2OjPMrgJtawlblyXMSV2VU5dfFolfUg-RnlQfTXOr6zJHfST6tF3fW5L37Wz_BoV6ObYyAiSeCAAJAZNA9tHaTE4cDnG0II4TRSbjh2lgNs5PjDgaAzl79fkC8kU4GQ:1ola1H:-e1mGI2SS91l0vqlztQHlrA1KWpLQ2w2I_I-vQjmJoo", "expire_date": "2022-11-03T18:11:51.800"}}, {"model": "sessions.session", "pk": "fg075c5ql2iqxxm1f0or3z6hd3ioaynb", "fields": {"session_data": ".eJxVjEEKwyAQAP_iuUiCqxt77L1vkHVda9qiEJNT6N9LIIf2OjPMrgJtawlblyXMSV2VU5dfFolfUg-RnlQfTXOr6zJHfST6tF3fW5L37Wz_BoV6ObYyAiSeCAAJAZNA9tHaTE4cDnG0II4TRSbjh2lgNs5PjDgaAzl79fkC8kU4GQ:1p2USi:9FrmFPeTy_pj-JgMX6F5VlmG9ttLOaye6zaNba7G32Y", "expire_date": "2022-12-20T14:42:04.333"}}, {"model": "sessions.session", "pk": "q4owi5zm1hx5ofusnwhv07z07a2w9bct", "fields": {"session_data": ".eJxVjEEKwyAQAP_iuUiCqxt77L1vkHVda9qiEJNT6N9LIIf2OjPMrgJtawlblyXMSV2VU5dfFolfUg-RnlQfTXOr6zJHfST6tF3fW5L37Wz_BoV6ObYyAiSeCAAJAZNA9tHaTE4cDnG0II4TRSbjh2lgNs5PjDgaAzl79fkC8kU4GQ:1ojFJA:5n9dWFQBnqNjrEwW99K3lyoPL667IlzX6deaouYpFJA", "expire_date": "2022-10-28T07:40:40.306"}}, {"model": "sites.site", "fields": {"domain": "127.0.0.1", "name": "NewsPortal"}}, {"model": "news.post", "pk": 1, "fields": {"post_type": "AR", "post_date": "2022-10-08T06:19:11.298", "post_title": "Дни пушкинской поэзии", "post_content": "В Пскове сегодня, 3 июня, открываются Дни пушкинской поэзии и русской культуры. Театрализованная часть проекта начнется на пешеходной части улицы Пушкина в Пскове.\r\n\r\nЧетыре творческих коллектива представят интерактивную программу: это будут «Великанцы» Санкт-Петербургского театра «Кукольный формат», «Декаданс» «Странствующих кукол господина Пэжо», мобильный аттракцион «Сказки Пушкина. Картония» и барабанное шоу DrumTime, сообщает Псковская лента новостей со ссылкой на Театрально-концертную дирекцию.\r\n\r\nЗрители увидят шоу четырехметровых кукол классиков русской литературы — Федора Достоевского, Николая Гоголя и Александра Пушкина. Рядом с ними окажутся странные белые создания, которые легким касанием погрузят зрителей в свой таинственный мир. Уличное действие продолжит «Страна Картония» — мультижанровый международный проект из Москвы. Представление пройдет в сопровождении группы DrumTime, команды барабанщиков из Санкт-Петербурга.", "post_rating": 1, "post_author": 1}}, {"model": "news.post", "pk": 2, "fields": {"post_type": "AR", "post_date": "2022-10-08T06:19:11.361", "post_title": "Любовь и голуби", "post_content": "\" Сучка крашена \" сейчас говорят и те, кто никогда не смотрел (зря, конечно) \"Любовь и голуби\". А вы знали, что поговорка \"Ёшкин кот\" - тоже оттуда?", "post_rating": 2, "post_author": 1}}, {"model": "news.post", "pk": 3, "fields": {"post_type": "AR", "post_date": "2022-10-08T06:19:12.646", "post_title": "Дастин, болван , я иду за тобой. Макгрегор выложи", "post_content": "Бывший чемпион UFC в двух весовых категориях Конор Макгрегор обратился к бывшему временному чемпиону UFC в лёгком весе Дастину Порье в преддверии третьего поединка, который состоится в ближайшие выходные.\r\n\r\n«Дастин, болван , я иду за тобой», — сказал Макгрегор.", "post_rating": -2, "post_author": 2}}, {"model": "news.post", "pk": 4, "fields": {"post_type": "NW", "post_date": "2022-10-08T06:19:20.699", "post_title": "Козел гулял по улицам Москвы", "post_content": "Неопознанный козел выбрался на прогулку по столице. В ночь на понедельник животное заметили недалеко от станции метро \"Кантемировская\".\r\n\r\nСначала козел прогуливался вдоль проезжей части, затем бегал вокруг машин на стоянке, а потом спрятался в кустах возле супермаркета. За променадом парнокопытного животного наблюдали местные жители. Они же вызвали полицию.", "post_rating": -1, "post_author": 2}}, {"model": "news.post", "pk": 14, "fields": {"post_type": "NW", "post_date": "2022-10-21T12:37:15.191", "post_title": "ЦСКА уничтожил «Локо» в Краснодаре", "post_content": "Пока кубанцы не выглядят командой, способной навязать борьбу лидерам.\r\nЕдиная лига ВТБ. Регулярный чемпионат\r\n«Локомотив-Кубань» — ЦСКА — 64:84 (22:14, 14:26, 15:20, 13:24)\r\nЛ: Ведищев (13), Узинский (12), Щербенев (11).\r\nЦ: Мур (12), Швед (11), Милутинов (10 + 11 подборов).\r\nСудьи: Сергей Беляков, Станислав Валеев, Сергей Негирев.\r\n4287 зрителей.\r\n\r\nПлотной борьбы в матче недели Единой лиги ВТБ не получилось. ЦСКА довольно легко одержал победу в Краснодаре, распределив игровое время между игроками ростера. «Локомотив» же выдал отличную первую четверть, а затем заметно сник. Судя по всему, ставка на собственных воспитанников не позволит кубанцам бороться за медали в этом сезоне. Президент «Локо» Андрей Ведищев говорил, что в октябре — ноябре клуб объявит несколько сильных новичков. Пора приводить планы в исполнение.", "post_rating": 0, "post_author": 2}}, {"model": "news.post", "pk": 15, "fields": {"post_type": "NW", "post_date": "2022-10-21T12:38:24.689", "post_title": "Зайцева — о победе Майгурова", "post_content": "Двукратная олимпийская чемпионка Ольга Зайцева в разговоре с корреспондентом «СЭ» прокомментировала итоги выборов президента СБР, в которых победил Виктор Майгуров.\r\n\r\n«Я присутствовала на конференции СБР как член федерации города Москвы. И сама выбирала Майгурова, проголосовала за него. Очень рада, что команда Виктора Майгурова победила в таком споре. Можно сказать, что выборы были сложными. Мы все обрадовались, что победили. Думаю, в биатлоне продолжится отличная работа, которая была начата самим Виктором и его командой. Члены команды, которые захотят, останутся с Майгуровым. И будут продолжать достигать результатов, которые мы уже видели до нового переизбрания», — сказала Зайцева «СЭ».\r\n\r\nНа пост президента СБР также претендовал Алексей Нуждов. В первом туре выборов определить победителя не удалось, но во втором туре победу одержал Майгуров. Он набрал 31 голос против 23 голосов у оппонента.\r\n\r\nПобедитель определялся с помощью тайного голосования. В нем участвовали делегаты, представляющие российские регионы.", "post_rating": 0, "post_author": 2}}, {"model": "news.post", "pk": 16, "fields": {"post_type": "NW", "post_date": "2022-10-21T12:39:44.438", "post_title": "Зверев снялся с «Мастерса» в Париже", "post_content": "Шестая ракетка мира Александр Зверев пропустит «Мастерс» в Париже. Об этом сообщает Entry List Updates.\r\n\r\nНа соревнованиях его заменит британец Энди Маррей.\r\n\r\nВ нынешнем сезоне 25-летний немец пропустил все турниры после «Ролан Гаррос», на котором порвал связки голеностопа. В начале августа он приступил к тренировкам после операции.", "post_rating": 0, "post_author": 1}}, {"model": "news.post", "pk": 18, "fields": {"post_type": "NW", "post_date": "2022-10-25T04:10:00.814", "post_title": "Тестовая Статья", "post_content": "Lorem ipsum dolor sit amet, consectetur adipiscing elit, sed do eiusmod tempor incididunt ut labore et dolore magna aliqua. Ut enim ad minim veniam, quis nostrud exercitation ullamco laboris nisi ut aliquip ex ea commodo consequat. Duis aute irure dolor in reprehenderit in voluptate velit esse cillum dolore eu fugiat nulla pariatur. Excepteur sint occaecat cupidatat non proident, sunt in culpa qui officia deserunt mollit anim id est laborum.", "post_rating": 0, "post_author": 1}}, {"model": "news.post", "pk": 20, "fields": {"post_type": "NW", "post_date": "2022-10-25T04:26:07.415", "post_title": "тест", "post_content": "class NewsCreate(CreateView):\r\n    form_class = PostForm\r\n    model = Post\r\n    template_name = 'postedit.html'\r\n    success_url = reverse_lazy('posts_list')\r\n\r\n    def get_context_data(self, **kwargs):\r\n        context = super().get_context_data(**kwargs)\r\n        context['post_type'] = Post.CHOICE\r\n        context['categories'] = Category.objects.all\r\n        return context\r\n\r\n    def form_valid(self, form):\r\n        post = form.save(commit=False)\r\n        post.post_type = Post.news \r\n        return super().form_valid(form)", "post_rating": 0, "post_author": 1}}, {"model": "news.post", "pk": 21, "fields": {"post_type": "NW", "post_date": "2022-11-03T19:14:28.700", "post_title": "тест 041122", "post_content": "loremloremloremloremloremloremloremloremloremloremloremloremloremloremloremloremloremloremloremlorem", "post_rating": 0, "post_author": 2}}, {"model": "news.post", "pk": 22, "fields": {"post_type": "NW", "post_date": "2022-11-04T01:44:14.806", "post_title": "test nextone", "post_content": "texttexttexttexttexttexttexttexttexttexttexttexttexttexttexttexttexttexttexttexttexttexttexttexttexttexttexttexttexttexttexttexttexttext", "post_rating": 0, "post_author": 2}}, {"model": "news.post", "pk": 23, "fields": {"post_type": "AR", "post_date": "2022-11-04T01:57:59.229", "post_title": "test nextone 04.11.22", "post_content": "sometextsometextsometextsometextsometextsometextsometextsometextsometextsometextsometextsometextsometextsometextsometextsometextsometextsometextsometextsometextsometextsometext", "post_rating": 0, "post_author": 2}}, {"model": "news.post", "pk": 24, "fields": {"post_type": "AR", "post_date": "2022-11-04T01:58:47.710", "post_title": "test nextone 04.11.22", "post_content": "sometextsometextsometextsometextsometextsometextsometextsometextsometextsometextsometextsometextsometextsometextsometextsometextsometextsometextsometextsometextsometextsometext", "post_rating": 0, "post_author": 2}}, {"model": "news.post", "pk": 25, "fields": {"post_type": "AR", "post_date": "2022-11-04T03:48:15.170", "post_title": "Test 04.11.22 next one", "post_content": "texttexttexttexttexttexttexttexttexttexttexttexttexttexttexttexttexttext", "post_rating": 0, "post_author": 2}}, {"model": "news.post", "pk": 26, "fields": {"post_type": "AR", "post_date": "2022-11-04T03:48:29.284", "post_title": "Test 04.11.22 next one", "post_content": "texttexttexttexttexttexttexttexttexttexttexttexttexttexttexttexttexttext", "post_rating": 0, "post_author": 2}}, {"model": "news.post", "pk": 27, "fields": {"post_type": "AR", "post_date": "2022-11-04T03:49:22.159", "post_title": "Test 04.11.22 next one rel", "post_content": "texttexttexttexttexttexttexttexttexttexttexttexttexttexttexttexttexttext", "post_rating": 0, "post_author": 2}}, {"model": "news.post", "pk": 28, "fields": {"post_type": "AR", "post_date": "2022-11-04T03:50:47.712", "post_title": "Test 04.11.22 next one", "post_content": "texttexttexttexttexttexttexttexttexttexttexttexttexttexttexttexttexttext", "post_rating": 0, "post_author": 2}}, {"model": "news.post", "pk": 29, "fields": {"post_type": "NW", "post_date": "2022-11-04T08:56:17.127", "post_title": "Test 04.11.22 next one сегодня", "post_content": "Test 04.11.22 next one сегодняTest 04.11.22 next one сегодняTest 04.11.22 next one сегодняTest 04.11.22 next one сегодняTest 04.11.22 next one сегодняTest 04.11.22 next one сегодняTest 04.11.22 next one сегодня", "post_rating": 0, "post_author": 2}}, {"model": "news.post", "pk": 30, "fields": {"post_type": "NW", "post_date": "2022-11-04T09:43:20.153", "post_title": "Admin", "post_content": "dfgsdgsdfgsdfgs sdg sd\r\ngsd f\r\ng sdfg sdf\r\ngsd\r\nf gsdf\r\ng sdfg\r\nsdf\r\ngsdfg\r\nhg\r\nj\r\njkgkjtyuktyukyuk", "post_rating": 0, "post_author": 1}}, {"model": "news.postcategory", "pk": 1, "fields": {"posts": 1, "categories": 1}}, {"model": "news.postcategory", "pk": 2, "fields": {"posts": 1, "categories": 2}}, {"model": "news.postcategory", "pk": 3, "fields": {"posts": 2, "categories": 2}}, {"model": "news.postcategory", "pk": 4, "fields": {"posts": 2, "categories": 4}}, {"model": "news.postcategory", "pk": 8, "fields": {"posts": 4, "categories": 1}}, {"model": "news.postcategory", "pk": 14, "fields": {"posts": 4, "categories": 2}}, {"model": "news.postcategory", "pk": 20, "fields": {"posts": 14, "categories": 2}}, {"model": "news.postcategory", "pk": 21, "fields": {"posts": 15, "categories": 2}}, {"model": "news.postcategory", "pk": 22, "fields": {"posts": 16, "categories": 4}}, {"model": "news.postcategory", "pk": 24, "fields": {"posts": 18, "categories": 1}}, {"model": "news.postcategory", "pk": 26, "fields": {"posts": 20, "categories": 4}}, {"model": "news.postcategory", "pk": 27, "fields": {"posts": 21, "categories": 4}}, {"model": "news.postcategory", "pk": 28, "fields": {"posts": 22, "categories": 4}}, {"model": "news.postcategory", "pk": 29, "fields": {"posts": 24, "categories": 4}}, {"model": "news.postcategory", "pk": 30, "fields": {"posts": 23, "categories": 4}}, {"model": "news.postcategory", "pk": 31, "fields": {"posts": 28, "categories": 4}}, {"model": "news.postcategory", "pk": 39, "fields": {"posts": 27, "categories": 5}}, {"model": "news.postcategory", "pk": 40, "fields": {"posts": 25, "categories": 4}}, {"model": "news.postcategory", "pk": 41, "fields": {"posts": 26, "categories": 4}}, {"model": "news.postcategory", "pk": 42, "fields": {"posts": 3, "categories": 4}}, {"model": "news.postcategory", "pk": 43, "fields": {"posts": 29, "categories": 2}}, {"model": "news.postcategory", "pk": 44, "fields": {"posts": 30, "categories": 4}}, {"model": "socialaccount.socialapp", "pk": 1, "fields": {"provider": "yandex", "name": "SkillFactory-D5.4", "client_id": "03d5455492a845b7979c264b11caceb8", "secret": "5b8fd156fee94ab48f171fb15d8079e0", "key": "", "sites": [["127.0.0.1"]]}}, {"model": "django_apscheduler.djangojob", "pk": "delete_old_job_executions", "fields": {"next_run_time": "2022-11-06T19:00:00", "job_state": "gAWViwQAAAAAAAB9lCiMB3ZlcnNpb26USwGMAmlklIwZZGVsZXRlX29sZF9qb2JfZXhlY3V0aW9uc5SMBGZ1bmOUjEFuZXdzLm1hbmFnZW1lbnQuY29tbWFuZHMucnVuYXBzY2hlZHVsZXI6ZGVsZXRlX29sZF9qb2JfZXhlY3V0aW9uc5SMB3RyaWdnZXKUjBlhcHNjaGVkdWxlci50cmlnZ2Vycy5jcm9ulIwLQ3JvblRyaWdnZXKUk5QpgZR9lChoAUsCjAh0aW1lem9uZZSMG3B5dHpfZGVwcmVjYXRpb25fc2hpbS5faW1wbJSMCXdyYXBfem9uZZSTlIwIYnVpbHRpbnOUjAdnZXRhdHRylJOUjAh6b25laW5mb5SMCFpvbmVJbmZvlJOUjAlfdW5waWNrbGWUhpRSlIwNQXNpYS9UYXNoa2VudJRLAYaUUpRoGYaUUpSMCnN0YXJ0X2RhdGWUTowIZW5kX2RhdGWUTowGZmllbGRzlF2UKIwgYXBzY2hlZHVsZXIudHJpZ2dlcnMuY3Jvbi5maWVsZHOUjAlCYXNlRmllbGSUk5QpgZR9lCiMBG5hbWWUjAR5ZWFylIwKaXNfZGVmYXVsdJSIjAtleHByZXNzaW9uc5RdlIwlYXBzY2hlZHVsZXIudHJpZ2dlcnMuY3Jvbi5leHByZXNzaW9uc5SMDUFsbEV4cHJlc3Npb26Uk5QpgZR9lIwEc3RlcJROc2JhdWJoIowKTW9udGhGaWVsZJSTlCmBlH2UKGgnjAVtb250aJRoKYhoKl2UaC4pgZR9lGgxTnNiYXViaCKMD0RheU9mTW9udGhGaWVsZJSTlCmBlH2UKGgnjANkYXmUaCmIaCpdlGguKYGUfZRoMU5zYmF1YmgijAlXZWVrRmllbGSUk5QpgZR9lChoJ4wEd2Vla5RoKYhoKl2UaC4pgZR9lGgxTnNiYXViaCKMDkRheU9mV2Vla0ZpZWxklJOUKYGUfZQoaCeMC2RheV9vZl93ZWVrlGgpiWgqXZRoLIwWV2Vla2RheVJhbmdlRXhwcmVzc2lvbpSTlCmBlH2UKGgxTowFZmlyc3SUSwCMBGxhc3SUSwB1YmF1YmgkKYGUfZQoaCeMBGhvdXKUaCmJaCpdlGgsjA9SYW5nZUV4cHJlc3Npb26Uk5QpgZR9lChoMU5oVEsAaFVLAHViYXViaCQpgZR9lChoJ4wGbWludXRllGgpiWgqXZRoWymBlH2UKGgxTmhUSwBoVUsAdWJhdWJoJCmBlH2UKGgnjAZzZWNvbmSUaCmIaCpdlGhbKYGUfZQoaDFOaFRLAGhVSwB1YmF1YmWMBmppdHRlcpROdWKMCGV4ZWN1dG9ylIwHZGVmYXVsdJSMBGFyZ3OUKYwGa3dhcmdzlH2UaCdoA4wSbWlzZmlyZV9ncmFjZV90aW1llEsBjAhjb2FsZXNjZZSIjA1tYXhfaW5zdGFuY2VzlEsBjA1uZXh0X3J1bl90aW1llIwIZGF0ZXRpbWWUjAhkYXRldGltZZSTlEMKB+YLBwAAAAAAAJRoHYaUUpR1Lg=="}}, {"model": "django_apscheduler.djangojob", "pk": "my_job", "fields": {"next_run_time": "2022-11-04T07:06:02", "job_state": "gAWVCAQAAAAAAAB9lCiMB3ZlcnNpb26USwGMAmlklIwGbXlfam9ilIwEZnVuY5SMLm5ld3MubWFuYWdlbWVudC5jb21tYW5kcy5ydW5hcHNjaGVkdWxlcjpteV9qb2KUjAd0cmlnZ2VylIwZYXBzY2hlZHVsZXIudHJpZ2dlcnMuY3JvbpSMC0Nyb25UcmlnZ2VylJOUKYGUfZQoaAFLAowIdGltZXpvbmWUjBtweXR6X2RlcHJlY2F0aW9uX3NoaW0uX2ltcGyUjAl3cmFwX3pvbmWUk5SMCGJ1aWx0aW5zlIwHZ2V0YXR0cpSTlIwIem9uZWluZm+UjAhab25lSW5mb5STlIwJX3VucGlja2xllIaUUpSMDUFzaWEvVGFzaGtlbnSUSwGGlFKUaBmGlFKUjApzdGFydF9kYXRllE6MCGVuZF9kYXRllE6MBmZpZWxkc5RdlCiMIGFwc2NoZWR1bGVyLnRyaWdnZXJzLmNyb24uZmllbGRzlIwJQmFzZUZpZWxklJOUKYGUfZQojARuYW1llIwEeWVhcpSMCmlzX2RlZmF1bHSUiIwLZXhwcmVzc2lvbnOUXZSMJWFwc2NoZWR1bGVyLnRyaWdnZXJzLmNyb24uZXhwcmVzc2lvbnOUjA1BbGxFeHByZXNzaW9ulJOUKYGUfZSMBHN0ZXCUTnNiYXViaCKMCk1vbnRoRmllbGSUk5QpgZR9lChoJ4wFbW9udGiUaCmIaCpdlGguKYGUfZRoMU5zYmF1YmgijA9EYXlPZk1vbnRoRmllbGSUk5QpgZR9lChoJ4wDZGF5lGgpiGgqXZRoLimBlH2UaDFOc2JhdWJoIowJV2Vla0ZpZWxklJOUKYGUfZQoaCeMBHdlZWuUaCmIaCpdlGguKYGUfZRoMU5zYmF1YmgijA5EYXlPZldlZWtGaWVsZJSTlCmBlH2UKGgnjAtkYXlfb2Zfd2Vla5RoKYhoKl2UaC4pgZR9lGgxTnNiYXViaCQpgZR9lChoJ4wEaG91cpRoKYhoKl2UaC4pgZR9lGgxTnNiYXViaCQpgZR9lChoJ4wGbWludXRllGgpiGgqXZRoLimBlH2UaDFOc2JhdWJoJCmBlH2UKGgnjAZzZWNvbmSUaCmJaCpdlGguKYGUfZRoMUsCc2JhdWJljAZqaXR0ZXKUTnVijAhleGVjdXRvcpSMB2RlZmF1bHSUjARhcmdzlCmMBmt3YXJnc5R9lGgnaAOMEm1pc2ZpcmVfZ3JhY2VfdGltZZRLAYwIY29hbGVzY2WUiIwNbWF4X2luc3RhbmNlc5RLAYwNbmV4dF9ydW5fdGltZZSMCGRhdGV0aW1llIwIZGF0ZXRpbWWUk5RDCgfmCwQMBgIAAACUaB2GlFKUdS4="}}, {"model": "django_apscheduler.djangojobexecution", "pk": 1, "fields": {"job": "my_job", "status": "Error!", "run_time": "2022-11-04T05:44:50", "duration": "0.01", "finished": "1667540690.01", "exception": "type object 'datetime.datetime' has no attribute 'datetime'", "traceback": "  File \"D:\\pythonProject\\NewsPortal_Project\\venv\\lib\\site-packages\\apscheduler\\executors\\base.py\", line 125, in run_job\n    retval = job.func(*job.args, **job.kwargs)\n  File \"D:\\pythonProject\\NewsPortal_Project\\NewsPortal\\news\\management\\commands\\runapscheduler.py\", line 19, in my_job\n    today = datetime.datetime.now()\n"}}, {"model": "django_apscheduler.djangojobexecution", "pk": 2, "fields": {"job": "my_job", "status": "Error!", "run_time": "2022-11-04T05:45:00", "duration": "0.11", "finished": "1667540700.11", "exception": "type object 'datetime.datetime' has no attribute 'datetime'", "traceback": "  File \"D:\\pythonProject\\NewsPortal_Project\\venv\\lib\\site-packages\\apscheduler\\executors\\base.py\", line 125, in run_job\n    retval = job.func(*job.args, **job.kwargs)\n  File \"D:\\pythonProject\\NewsPortal_Project\\NewsPortal\\news\\management\\commands\\runapscheduler.py\", line 19, in my_job\n    today = datetime.datetime.now()\n"}}, {"model": "django_apscheduler.djangojobexecution", "pk": 3, "fields": {"job": "my_job", "status": "Executed", "run_time": "2022-11-04T05:45:40", "duration": "0.01", "finished": "1667540740.01", "exception": null, "traceback": null}}, {"model": "django_apscheduler.djangojobexecution", "pk": 4, "fields": {"job": "my_job", "status": "Executed", "run_time": "2022-11-04T05:45:50", "duration": "0.14", "finished": "1667540750.14", "exception": null, "traceback": null}}, {"model": "django_apscheduler.djangojobexecution", "pk": 5, "fields": {"job": "my_job", "status": "Executed", "run_time": "2022-11-04T05:46:00", "duration": "0.09", "finished": "1667540760.09", "exception": null, "traceback": null}}, {"model": "django_apscheduler.djangojobexecution", "pk": 6, "fields": {"job": "my_job", "status": "Executed", "run_time": "2022-11-04T05:51:20", "duration": "0.01", "finished": "1667541080.01", "exception": null, "traceback": null}}, {"model": "django_apscheduler.djangojobexecution", "pk": 7, "fields": {"job": "my_job", "status": "Executed", "run_time": "2022-11-04T05:51:30", "duration": "0.10", "finished": "1667541090.10", "exception": null, "traceback": null}}, {"model": "django_apscheduler.djangojobexecution", "pk": 8, "fields": {"job": "my_job", "status": "Executed", "run_time": "2022-11-04T05:51:40", "duration": "0.10", "finished": "1667541100.10", "exception": null, "traceback": null}}, {"model": "django_apscheduler.djangojobexecution", "pk": 9, "fields": {"job": "my_job", "status": "Executed", "run_time": "2022-11-04T05:51:50", "duration": "0.13", "finished": "1667541110.13", "exception": null, "traceback": null}}, {"model": "django_apscheduler.djangojobexecution", "pk": 10, "fields": {"job": "my_job", "status": "Executed", "run_time": "2022-11-04T05:52:00", "duration": "0.14", "finished": "1667541120.14", "exception": null, "traceback": null}}, {"model": "django_apscheduler.djangojobexecution", "pk": 11, "fields": {"job": "my_job", "status": "Executed", "run_time": "2022-11-04T05:52:10", "duration": "0.11", "finished": "1667541130.11", "exception": null, "traceback": null}}, {"model": "django_apscheduler.djangojobexecution", "pk": 12, "fields": {"job": "my_job", "status": "Executed", "run_time": "2022-11-04T05:52:20", "duration": "0.11", "finished": "1667541140.11", "exception": null, "traceback": null}}, {"model": "django_apscheduler.djangojobexecution", "pk": 13, "fields": {"job": "my_job", "status": "Executed", "run_time": "2022-11-04T05:52:50", "duration": "0.01", "finished": "1667541170.01", "exception": null, "traceback": null}}, {"model": "django_apscheduler.djangojobexecution", "pk": 14, "fields": {"job": "my_job", "status": "Executed", "run_time": "2022-11-04T05:53:00", "duration": "0.12", "finished": "1667541180.12", "exception": null, "traceback": null}}, {"model": "django_apscheduler.djangojobexecution", "pk": 15, "fields": {"job": "my_job", "status": "Executed", "run_time": "2022-11-04T05:53:20", "duration": "0.01", "finished": "1667541200.01", "exception": null, "traceback": null}}, {"model": "django_apscheduler.djangojobexecution", "pk": 16, "fields": {"job": "my_job", "status": "Executed", "run_time": "2022-11-04T05:53:30", "duration": "0.12", "finished": "1667541210.12", "exception": null, "traceback": null}}, {"model": "django_apscheduler.djangojobexecution", "pk": 17, "fields": {"job": "my_job", "status": "Executed", "run_time": "2022-11-04T05:57:00", "duration": "0.01", "finished": "1667541420.01", "exception": null, "traceback": null}}, {"model": "django_apscheduler.djangojobexecution", "pk": 18, "fields": {"job": "my_job", "status": "Executed", "run_time": "2022-11-04T05:57:10", "duration": "0.12", "finished": "1667541430.12", "exception": null, "traceback": null}}, {"model": "django_apscheduler.djangojobexecution", "pk": 19, "fields": {"job": "my_job", "status": "Executed", "run_time": "2022-11-04T10:57:30", "duration": "0.01", "finished": "1667541450.01", "exception": null, "traceback": null}}, {"model": "django_apscheduler.djangojobexecution", "pk": 20, "fields": {"job": "my_job", "status": "Executed", "run_time": "2022-11-04T10:57:40", "duration": "0.14", "finished": "1667541460.14", "exception": null, "traceback": null}}, {"model": "django_apscheduler.djangojobexecution", "pk": 21, "fields": {"job": "my_job", "status": "Executed", "run_time": "2022-11-04T06:01:05", "duration": "0.01", "finished": "1667541665.01", "exception": null, "traceback": null}}, {"model": "django_apscheduler.djangojobexecution", "pk": 22, "fields": {"job": "my_job", "status": "Executed", "run_time": "2022-11-04T06:01:10", "duration": "0.12", "finished": "1667541670.12", "exception": null, "traceback": null}}, {"model": "django_apscheduler.djangojobexecution", "pk": 23, "fields": {"job": "my_job", "status": "Executed", "run_time": "2022-11-04T06:01:15", "duration": "0.11", "finished": "1667541675.11", "exception": null, "traceback": null}}, {"model": "django_apscheduler.djangojobexecution", "pk": 24, "fields": {"job": "my_job", "status": "Executed", "run_time": "2022-11-04T06:01:20", "duration": "0.11", "finished": "1667541680.11", "exception": null, "traceback": null}}, {"model": "django_apscheduler.djangojobexecution", "pk": 25, "fields": {"job": "my_job", "status": "Executed", "run_time": "2022-11-04T06:01:25", "duration": "0.11", "finished": "1667541685.11", "exception": null, "traceback": null}}, {"model": "django_apscheduler.djangojobexecution", "pk": 26, "fields": {"job": "my_job", "status": "Executed", "run_time": "2022-11-04T06:01:30", "duration": "0.11", "finished": "1667541690.11", "exception": null, "traceback": null}}, {"model": "django_apscheduler.djangojobexecution", "pk": 27, "fields": {"job": "my_job", "status": "Error!", "run_time": "2022-11-04T06:11:35", "duration": "0.05", "finished": "1667542295.05", "exception": "Cannot resolve keyword 'name' into field. Choices are: category_name, id, post, postcategory, subscribers", "traceback": "  File \"D:\\pythonProject\\NewsPortal_Project\\venv\\lib\\site-packages\\apscheduler\\executors\\base.py\", line 125, in run_job\n    retval = job.func(*job.args, **job.kwargs)\n  File \"D:\\pythonProject\\NewsPortal_Project\\NewsPortal\\news\\management\\commands\\runapscheduler.py\", line 22, in my_job\n    categories = post.values_list('categories__name', flat=True)\n  File \"D:\\pythonProject\\NewsPortal_Project\\venv\\lib\\site-packages\\django\\db\\models\\query.py\", line 1329, in values_list\n    clone = self._values(*_fields, **expressions)\n  File \"D:\\pythonProject\\NewsPortal_Project\\venv\\lib\\site-packages\\django\\db\\models\\query.py\", line 1292, in _values\n    clone.query.set_values(fields)\n  File \"D:\\pythonProject\\NewsPortal_Project\\venv\\lib\\site-packages\\django\\db\\models\\sql\\query.py\", line 2437, in set_values\n    self.add_fields(field_names, True)\n  File \"D:\\pythonProject\\NewsPortal_Project\\venv\\lib\\site-packages\\django\\db\\models\\sql\\query.py\", line 2151, in add_fields\n    cols.append(join_info.transform_function(target, final_alias))\n  File \"D:\\pythonProject\\NewsPortal_Project\\venv\\lib\\site-packages\\django\\db\\models\\sql\\query.py\", line 1835, in transform\n    raise last_field_exception\n  File \"D:\\pythonProject\\NewsPortal_Project\\venv\\lib\\site-packages\\django\\db\\models\\sql\\query.py\", line 1808, in setup_joins\n    path, final_field, targets, rest = self.names_to_path(\n  File \"D:\\pythonProject\\NewsPortal_Project\\venv\\lib\\site-packages\\django\\db\\models\\sql\\query.py\", line 1709, in names_to_path\n    raise FieldError(\n"}}, {"model": "django_apscheduler.djangojobexecution", "pk": 28, "fields": {"job": "my_job", "status": "Executed", "run_time": "2022-11-04T06:12:15", "duration": "0.14", "finished": "1667542335.14", "exception": null, "traceback": null}}, {"model": "django_apscheduler.djangojobexecution", "pk": 29, "fields": {"job": "my_job", "status": "Executed", "run_time": "2022-11-04T06:12:20", "duration": "0.12", "finished": "1667542340.12", "exception": null, "traceback": null}}, {"model": "django_apscheduler.djangojobexecution", "pk": 30, "fields": {"job": "my_job", "status": "Executed", "run_time": "2022-11-04T06:12:25", "duration": "0.12", "finished": "1667542345.12", "exception": null, "traceback": null}}, {"model": "django_apscheduler.djangojobexecution", "pk": 31, "fields": {"job": "my_job", "status": "Executed", "run_time": "2022-11-04T06:12:30", "duration": "0.11", "finished": "1667542350.11", "exception": null, "traceback": null}}, {"model": "django_apscheduler.djangojobexecution", "pk": 32, "fields": {"job": "my_job", "status": "Executed", "run_time": "2022-11-04T06:12:35", "duration": "0.12", "finished": "1667542355.12", "exception": null, "traceback": null}}, {"model": "django_apscheduler.djangojobexecution", "pk": 33, "fields": {"job": "my_job", "status": "Executed", "run_time": "2022-11-04T06:13:10", "duration": "0.13", "finished": "1667542390.13", "exception": null, "traceback": null}}, {"model": "django_apscheduler.djangojobexecution", "pk": 34, "fields": {"job": "my_job", "status": "Executed", "run_time": "2022-11-04T06:13:15", "duration": "0.22", "finished": "1667542395.22", "exception": null, "traceback": null}}, {"model": "django_apscheduler.djangojobexecution", "pk": 35, "fields": {"job": "my_job", "status": "Executed", "run_time": "2022-11-04T06:14:00", "duration": "0.13", "finished": "1667542440.13", "exception": null, "traceback": null}}, {"model": "django_apscheduler.djangojobexecution", "pk": 36, "fields": {"job": "my_job", "status": "Executed", "run_time": "2022-11-04T06:14:05", "duration": "0.22", "finished": "1667542445.22", "exception": null, "traceback": null}}, {"model": "django_apscheduler.djangojobexecution", "pk": 37, "fields": {"job": "my_job", "status": "Executed", "run_time": "2022-11-04T06:14:10", "duration": "0.22", "finished": "1667542450.22", "exception": null, "traceback": null}}, {"model": "django_apscheduler.djangojobexecution", "pk": 38, "fields": {"job": "my_job", "status": "Executed", "run_time": "2022-11-04T06:31:50", "duration": "1.01", "finished": "1667543511.01", "exception": null, "traceback": null}}, {"model": "django_apscheduler.djangojobexecution", "pk": 39, "fields": {"job": "my_job", "status": "Executed", "run_time": "2022-11-04T06:34:25", "duration": "0.96", "finished": "1667543665.96", "exception": null, "traceback": null}}, {"model": "django_apscheduler.djangojobexecution", "pk": 40, "fields": {"job": "my_job", "status": "Executed", "run_time": "2022-11-04T06:42:45", "duration": "0.94", "finished": "1667544165.94", "exception": null, "traceback": null}}, {"model": "django_apscheduler.djangojobexecution", "pk": 41, "fields": {"job": "my_job", "status": "Executed", "run_time": "2022-11-04T06:43:25", "duration": "0.96", "finished": "1667544205.96", "exception": null, "traceback": null}}, {"model": "django_apscheduler.djangojobexecution", "pk": 42, "fields": {"job": "my_job", "status": "Executed", "run_time": "2022-11-04T06:45:10", "duration": "1.10", "finished": "1667544311.10", "exception": null, "traceback": null}}, {"model": "django_apscheduler.djangojobexecution", "pk": 43, "fields": {"job": "my_job", "status": "Executed", "run_time": "2022-11-04T06:46:16", "duration": "0.13", "finished": "1667544376.13", "exception": null, "traceback": null}}, {"model": "django_apscheduler.djangojobexecution", "pk": 44, "fields": {"job": "my_job", "status": "Executed", "run_time": "2022-11-04T06:46:18", "duration": "0.24", "finished": "1667544378.24", "exception": null, "traceback": null}}, {"model": "django_apscheduler.djangojobexecution", "pk": 45, "fields": {"job": "my_job", "status": "Executed", "run_time": "2022-11-04T06:46:20", "duration": "0.34", "finished": "1667544380.34", "exception": null, "traceback": null}}, {"model": "django_apscheduler.djangojobexecution", "pk": 46, "fields": {"job": "my_job", "status": "Executed", "run_time": "2022-11-04T07:04:08", "duration": "0.11", "finished": "1667545448.11", "exception": null, "traceback": null}}, {"model": "django_apscheduler.djangojobexecution", "pk": 47, "fields": {"job": "my_job", "status": "Executed", "run_time": "2022-11-04T07:04:10", "duration": "0.20", "finished": "1667545450.20", "exception": null, "traceback": null}}, {"model": "django_apscheduler.djangojobexecution", "pk": 48, "fields": {"job": "my_job", "status": "Executed", "run_time": "2022-11-04T07:04:12", "duration": "0.16", "finished": "1667545452.16", "exception": null, "traceback": null}}, {"model": "django_apscheduler.djangojobexecution", "pk": 49, "fields": {"job": "my_job", "status": "Executed", "run_time": "2022-11-04T07:04:40", "duration": "0.98", "finished": "1667545480.98", "exception": null, "traceback": null}}, {"model": "django_apscheduler.djangojobexecution", "pk": 50, "fields": {"job": "my_job", "status": "Executed", "run_time": "2022-11-04T07:06:00", "duration": "1.04", "finished": "1667545561.04", "exception": null, "traceback": null}}, {"model": "auth.permission", "fields": {"name": "Can add log entry", "content_type": ["admin", "logentry"], "codename": "add_logentry"}}, {"model": "auth.permission", "fields": {"name": "Can change log entry", "content_type": ["admin", "logentry"], "codename": "change_logentry"}}, {"model": "auth.permission", "fields": {"name": "Can delete log entry", "content_type": ["admin", "logentry"], "codename": "delete_logentry"}}, {"model": "auth.permission", "fields": {"name": "Can view log entry", "content_type": ["admin", "logentry"], "codename": "view_logentry"}}, {"model": "auth.permission", "fields": {"name": "Can add permission", "content_type": ["auth", "permission"], "codename": "add_permission"}}, {"model": "auth.permission", "fields": {"name": "Can change permission", "content_type": ["auth", "permission"], "codename": "change_permission"}}, {"model": "auth.permission", "fields": {"name": "Can delete permission", "content_type": ["auth", "permission"], "codename": "delete_permission"}}, {"model": "auth.permission", "fields": {"name": "Can view permission", "content_type": ["auth", "permission"], "codename": "view_permission"}}, {"model": "auth.permission", "fields": {"name": "Can add group", "content_type": ["auth", "group"], "codename": "add_group"}}, {"model": "auth.permission", "fields": {"name": "Can change group", "content_type": ["auth", "group"], "codename": "change_group"}}, {"model": "auth.permission", "fields": {"name": "Can delete group", "content_type": ["auth", "group"], "codename": "delete_group"}}, {"model": "auth.permission", "fields": {"name": "Can view group", "content_type": ["auth", "group"], "codename": "view_group"}}, {"model": "auth.permission", "fields": {"name": "Can add user", "content_type": ["auth", "user"], "codename": "add_user"}}, {"model": "auth.permission", "fields": {"name": "Can change user", "content_type": ["auth", "user"], "codename": "change_user"}}, {"model": "auth.permission", "fields": {"name": "Can delete user", "content_type": ["auth", "user"], "codename": "delete_user"}}, {"model": "auth.permission", "fields": {"name": "Can view user", "content_type": ["auth", "user"], "codename": "view_user"}}, {"model": "auth.permission", "fields": {"name": "Can add content type", "content_type": ["contenttypes", "contenttype"], "codename": "add_contenttype"}}, {"model": "auth.permission", "fields": {"name": "Can change content type", "content_type": ["contenttypes", "contenttype"], "codename": "change_contenttype"}}, {"model": "auth.permission", "fields": {"name": "Can delete content type", "content_type": ["contenttypes", "contenttype"], "codename": "delete_contenttype"}}, {"model": "auth.permission", "fields": {"name": "Can view content type", "content_type": ["contenttypes", "contenttype"], "codename": "view_contenttype"}}, {"model": "auth.permission", "fields": {"name": "Can add session", "content_type": ["sessions", "session"], "codename": "add_session"}}, {"model": "auth.permission", "fields": {"name": "Can change session", "content_type": ["sessions", "session"], "codename": "change_session"}}, {"model": "auth.permission", "fields": {"name": "Can delete session", "content_type": ["sessions", "session"], "codename": "delete_session"}}, {"model": "auth.permission", "fields": {"name": "Can view session", "content_type": ["sessions", "session"], "codename": "view_session"}}, {"model": "auth.permission", "fields": {"name": "Can add author", "content_type": ["news", "author"], "codename": "add_author"}}, {"model": "auth.permission", "fields": {"name": "Can change author", "content_type": ["news", "author"], "codename": "change_author"}}, {"model": "auth.permission", "fields": {"name": "Can delete author", "content_type": ["news", "author"], "codename": "delete_author"}}, {"model": "auth.permission", "fields": {"name": "Can view author", "content_type": ["news", "author"], "codename": "view_author"}}, {"model": "auth.permission", "fields": {"name": "Can add category", "content_type": ["news", "category"], "codename": "add_category"}}, {"model": "auth.permission", "fields": {"name": "Can change category", "content_type": ["news", "category"], "codename": "change_category"}}, {"model": "auth.permission", "fields": {"name": "Can delete category", "content_type": ["news", "category"], "codename": "delete_category"}}, {"model": "auth.permission", "fields": {"name": "Can view category", "content_type": ["news", "category"], "codename": "view_category"}}, {"model": "auth.permission", "fields": {"name": "Can add post", "content_type": ["news", "post"], "codename": "add_post"}}, {"model": "auth.permission", "fields": {"name": "Can change post", "content_type": ["news", "post"], "codename": "change_post"}}, {"model": "auth.permission", "fields": {"name": "Can delete post", "content_type": ["news", "post"], "codename": "delete_post"}}, {"model": "auth.permission", "fields": {"name": "Can view post", "content_type": ["news", "post"], "codename": "view_post"}}, {"model": "auth.permission", "fields": {"name": "Can add user", "content_type": ["news", "user"], "codename": "add_user"}}, {"model": "auth.permission", "fields": {"name": "Can change user", "content_type": ["news", "user"], "codename": "change_user"}}, {"model": "auth.permission", "fields": {"name": "Can delete user", "content_type": ["news", "user"], "codename": "delete_user"}}, {"model": "auth.permission", "fields": {"name": "Can view user", "content_type": ["news", "user"], "codename": "view_user"}}, {"model": "auth.permission", "fields": {"name": "Can add post category", "content_type": ["news", "postcategory"], "codename": "add_postcategory"}}, {"model": "auth.permission", "fields": {"name": "Can change post category", "content_type": ["news", "postcategory"], "codename": "change_postcategory"}}, {"model": "auth.permission", "fields": {"name": "Can delete post category", "content_type": ["news", "postcategory"], "codename": "delete_postcategory"}}, {"model": "auth.permission", "fields": {"name": "Can view post category", "content_type": ["news", "postcategory"], "codename": "view_postcategory"}}, {"model": "auth.permission", "fields": {"name": "Can add comment", "content_type": ["news", "comment"], "codename": "add_comment"}}, {"model": "auth.permission", "fields": {"name": "Can change comment", "content_type": ["news", "comment"], "codename": "change_comment"}}, {"model": "auth.permission", "fields": {"name": "Can delete comment", "content_type": ["news", "comment"], "codename": "delete_comment"}}, {"model": "auth.permission", "fields": {"name": "Can view comment", "content_type": ["news", "comment"], "codename": "view_comment"}}, {"model": "auth.permission", "fields": {"name": "Can add author", "content_type": ["authors", "author"], "codename": "add_author"}}, {"model": "auth.permission", "fields": {"name": "Can change author", "content_type": ["authors", "author"], "codename": "change_author"}}, {"model": "auth.permission", "fields": {"name": "Can delete author", "content_type": ["authors", "author"], "codename": "delete_author"}}, {"model": "auth.permission", "fields": {"name": "Can view author", "content_type": ["authors", "author"], "codename": "view_author"}}, {"model": "auth.permission", "fields": {"name": "Can add site", "content_type": ["sites", "site"], "codename": "add_site"}}, {"model": "auth.permission", "fields": {"name": "Can change site", "content_type": ["sites", "site"], "codename": "change_site"}}, {"model": "auth.permission", "fields": {"name": "Can delete site", "content_type": ["sites", "site"], "codename": "delete_site"}}, {"model": "auth.permission", "fields": {"name": "Can view site", "content_type": ["sites", "site"], "codename": "view_site"}}, {"model": "auth.permission", "fields": {"name": "Can add flat page", "content_type": ["flatpages", "flatpage"], "codename": "add_flatpage"}}, {"model": "auth.permission", "fields": {"name": "Can change flat page", "content_type": ["flatpages", "flatpage"], "codename": "change_flatpage"}}, {"model": "auth.permission", "fields": {"name": "Can delete flat page", "content_type": ["flatpages", "flatpage"], "codename": "delete_flatpage"}}, {"model": "auth.permission", "fields": {"name": "Can view flat page", "content_type": ["flatpages", "flatpage"], "codename": "view_flatpage"}}, {"model": "auth.permission", "fields": {"name": "Can add email address", "content_type": ["account", "emailaddress"], "codename": "add_emailaddress"}}, {"model": "auth.permission", "fields": {"name": "Can change email address", "content_type": ["account", "emailaddress"], "codename": "change_emailaddress"}}, {"model": "auth.permission", "fields": {"name": "Can delete email address", "content_type": ["account", "emailaddress"], "codename": "delete_emailaddress"}}, {"model": "auth.permission", "fields": {"name": "Can view email address", "content_type": ["account", "emailaddress"], "codename": "view_emailaddress"}}, {"model": "auth.permission", "fields": {"name": "Can add email confirmation", "content_type": ["account", "emailconfirmation"], "codename": "add_emailconfirmation"}}, {"model": "auth.permission", "fields": {"name": "Can change email confirmation", "content_type": ["account", "emailconfirmation"], "codename": "change_emailconfirmation"}}, {"model": "auth.permission", "fields": {"name": "Can delete email confirmation", "content_type": ["account", "emailconfirmation"], "codename": "delete_emailconfirmation"}}, {"model": "auth.permission", "fields": {"name": "Can view email confirmation", "content_type": ["account", "emailconfirmation"], "codename": "view_emailconfirmation"}}, {"model": "auth.permission", "fields": {"name": "Can add social account", "content_type": ["socialaccount", "socialaccount"], "codename": "add_socialaccount"}}, {"model": "auth.permission", "fields": {"name": "Can change social account", "content_type": ["socialaccount", "socialaccount"], "codename": "change_socialaccount"}}, {"model": "auth.permission", "fields": {"name": "Can delete social account", "content_type": ["socialaccount", "socialaccount"], "codename": "delete_socialaccount"}}, {"model": "auth.permission", "fields": {"name": "Can view social account", "content_type": ["socialaccount", "socialaccount"], "codename": "view_socialaccount"}}, {"model": "auth.permission", "fields": {"name": "Can add social application", "content_type": ["socialaccount", "socialapp"], "codename": "add_socialapp"}}, {"model": "auth.permission", "fields": {"name": "Can change social application", "content_type": ["socialaccount", "socialapp"], "codename": "change_socialapp"}}, {"model": "auth.permission", "fields": {"name": "Can delete social application", "content_type": ["socialaccount", "socialapp"], "codename": "delete_socialapp"}}, {"model": "auth.permission", "fields": {"name": "Can view social application", "content_type": ["socialaccount", "socialapp"], "codename": "view_socialapp"}}, {"model": "auth.permission", "fields": {"name": "Can add social application token", "content_type": ["socialaccount", "socialtoken"], "codename": "add_socialtoken"}}, {"model": "auth.permission", "fields": {"name": "Can change social application token", "content_type": ["socialaccount", "socialtoken"], "codename": "change_socialtoken"}}, {"model": "auth.permission", "fields": {"name": "Can delete social application token", "content_type": ["socialaccount", "socialtoken"], "codename": "delete_socialtoken"}}, {"model": "auth.permission", "fields": {"name": "Can view social application token", "content_type": ["socialaccount", "socialtoken"], "codename": "view_socialtoken"}}, {"model": "auth.permission", "fields": {"name": "Can add appointment", "content_type": ["appointments", "appointment"], "codename": "add_appointment"}}, {"model": "auth.permission", "fields": {"name": "Can change appointment", "content_type": ["appointments", "appointment"], "codename": "change_appointment"}}, {"model": "auth.permission", "fields": {"name": "Can delete appointment", "content_type": ["appointments", "appointment"], "codename": "delete_appointment"}}, {"model": "auth.permission", "fields": {"name": "Can view appointment", "content_type": ["appointments", "appointment"], "codename": "view_appointment"}}, {"model": "auth.permission", "fields": {"name": "Can add django job", "content_type": ["django_apscheduler", "djangojob"], "codename": "add_djangojob"}}, {"model": "auth.permission", "fields": {"name": "Can change django job", "content_type": ["django_apscheduler", "djangojob"], "codename": "change_djangojob"}}, {"model": "auth.permission", "fields": {"name": "Can delete django job", "content_type": ["django_apscheduler", "djangojob"], "codename": "delete_djangojob"}}, {"model": "auth.permission", "fields": {"name": "Can view django job", "content_type": ["django_apscheduler", "djangojob"], "codename": "view_djangojob"}}, {"model": "auth.permission", "fields": {"name": "Can add django job execution", "content_type": ["django_apscheduler", "djangojobexecution"], "codename": "add_djangojobexecution"}}, {"model": "auth.permission", "fields": {"name": "Can change django job execution", "content_type": ["django_apscheduler", "djangojobexecution"], "codename": "change_djangojobexecution"}}, {"model": "auth.permission", "fields": {"name": "Can delete django job execution", "content_type": ["django_apscheduler", "djangojobexecution"], "codename": "delete_djangojobexecution"}}, {"model": "auth.permission", "fields": {"name": "Can view django job execution", "content_type": ["django_apscheduler", "djangojobexecution"], "codename": "view_djangojobexecution"}}, {"model": "auth.group", "fields": {"name": "common_users", "permissions": [["view_post", "news", "post"]]}}, {"model": "auth.group", "fields": {"name": "authors", "permissions": [["add_post", "news", "post"], ["change_post", "news", "post"], ["delete_post", "news", "post"], ["view_post", "news", "post"]]}}, {"model": "auth.user", "fields": {"password": "pbkdf2_sha256$390000$wOXUDsO5mGstbn5pFpSZOE$oaet5toNZXAvQFg6xHWBblEvNVvdiYn/CFwSlwvbj0I=", "last_login": "2022-10-27T08:40:37", "is_superuser": false, "username": "Gentle", "first_name": "Gentle", "last_name": "", "email": "gentle@test.com", "is_staff": true, "is_active": true, "date_joined": "2022-10-08T06:17:47", "groups": [["authors"]], "user_permissions": []}}, {"model": "auth.user", "fields": {"password": "pbkdf2_sha256$390000$Mge5MZfy8vpymI1oLZSVBX$R6oYCPyxbiQSCCLRlDtn6f+TqYdkjIZfibriC+l4bdw=", "last_login": "2022-11-04T09:52:56.138", "is_superuser": false, "username": "Alex", "first_name": "Alex", "last_name": "", "email": "alex@test.com", "is_staff": true, "is_active": true, "date_joined": "2022-10-08T06:17:49", "groups": [["authors"]], "user_permissions": []}}, {"model": "auth.user", "fields": {"password": "pbkdf2_sha256$390000$0HORwgw0MlNGgUbgNb0OIY$QuSZeqEUacrHtLK+EYpfEIo5CNXEuBbMogJVYZW0Q4o=", "last_login": "2022-12-06T14:42:04.295", "is_superuser": true, "username": "admin", "first_name": "", "last_name": "", "email": "admin@admin.com", "is_staff": true, "is_active": true, "date_joined": "2022-10-10T16:54:24", "groups": [["common_users"], ["authors"]], "user_permissions": [["add_emailaddress", "account", "emailaddress"], ["change_emailaddress", "account", "emailaddress"], ["delete_emailaddress", "account", "emailaddress"], ["view_emailaddress", "account", "emailaddress"], ["add_emailconfirmation", "account", "emailconfirmation"], ["change_emailconfirmation", "account", "emailconfirmation"], ["delete_emailconfirmation", "account", "emailconfirmation"], ["view_emailconfirmation", "account", "emailconfirmation"], ["add_logentry", "admin", "logentry"], ["change_logentry", "admin", "logentry"], ["delete_logentry", "admin", "logentry"], ["view_logentry", "admin", "logentry"], ["add_appointment", "appointments", "appointment"], ["change_appointment", "appointments", "appointment"], ["delete_appointment", "appointments", "appointment"], ["view_appointment", "appointments", "appointment"], ["add_group", "auth", "group"], ["change_group", "auth", "group"], ["delete_group", "auth", "group"], ["view_group", "auth", "group"], ["add_permission", "auth", "permission"], ["change_permission", "auth", "permission"], ["delete_permission", "auth", "permission"], ["view_permission", "auth", "permission"], ["add_user", "auth", "user"], ["change_user", "auth", "user"], ["delete_user", "auth", "user"], ["view_user", "auth", "user"], ["add_author", "authors", "author"], ["change_author", "authors", "author"], ["delete_author", "authors", "author"], ["view_author", "authors", "author"], ["add_contenttype", "contenttypes", "contenttype"], ["change_contenttype", "contenttypes", "contenttype"], ["delete_contenttype", "contenttypes", "contenttype"], ["view_contenttype", "contenttypes", "contenttype"], ["add_djangojob", "django_apscheduler", "djangojob"], ["change_djangojob", "django_apscheduler", "djangojob"], ["delete_djangojob", "django_apscheduler", "djangojob"], ["view_djangojob", "django_apscheduler", "djangojob"], ["add_djangojobexecution", "django_apscheduler", "djangojobexecution"], ["change_djangojobexecution", "django_apscheduler", "djangojobexecution"], ["delete_djangojobexecution", "django_apscheduler", "djangojobexecution"], ["view_djangojobexecution", "django_apscheduler", "djangojobexecution"], ["add_flatpage", "flatpages", "flatpage"], ["change_flatpage", "flatpages", "flatpage"], ["delete_flatpage", "flatpages", "flatpage"], ["view_flatpage", "flatpages", "flatpage"], ["add_author", "news", "author"], ["change_author", "news", "author"], ["delete_author", "news", "author"], ["view_author", "news", "author"], ["add_category", "news", "category"], ["change_category", "news", "category"], ["delete_category", "news", "category"], ["view_category", "news", "category"], ["add_comment", "news", "comment"], ["change_comment", "news", "comment"], ["delete_comment", "news", "comment"], ["view_comment", "news", "comment"], ["add_post", "news", "post"], ["change_post", "news", "post"], ["delete_post", "news", "post"], ["view_post", "news", "post"], ["add_postcategory", "news", "postcategory"], ["change_postcategory", "news", "postcategory"], ["delete_postcategory", "news", "postcategory"], ["view_postcategory", "news", "postcategory"], ["add_user", "news", "user"], ["change_user", "news", "user"], ["delete_user", "news", "user"], ["view_user", "news", "user"], ["add_session", "sessions", "session"], ["change_session", "sessions", "session"], ["delete_session", "sessions", "session"], ["view_session", "sessions", "session"], ["add_site", "sites", "site"], ["change_site", "sites", "site"], ["delete_site", "sites", "site"], ["view_site", "sites", "site"], ["add_socialaccount", "socialaccount", "socialaccount"], ["change_socialaccount", "socialaccount", "socialaccount"], ["delete_socialaccount", "socialaccount", "socialaccount"], ["view_socialaccount", "socialaccount", "socialaccount"], ["add_socialapp", "socialaccount", "socialapp"], ["change_socialapp", "socialaccount", "socialapp"], ["delete_socialapp", "socialaccount", "socialapp"], ["view_socialapp", "socialaccount", "socialapp"], ["add_socialtoken", "socialaccount", "socialtoken"], ["change_socialtoken", "socialaccount", "socialtoken"], ["delete_socialtoken", "socialaccount", "socialtoken"], ["view_socialtoken", "socialaccount", "socialtoken"]]}}, {"model": "auth.user", "fields": {"password": "pbkdf2_sha256$390000$WSyLcfrunSrP1x45Z8P2Cp$mG1suWMy1p15vh0o/r2wVRh+w3Q4R2Bl1bCJ/tXU8mg=", "last_login": "2022-10-27T05:42:52", "is_superuser": false, "username": "anotherone", "first_name": "Дарвин", "last_name": "", "email": "anotherone@test.com", "is_staff": false, "is_active": true, "date_joined": "2022-10-27T05:42:52", "groups": [["common_users"], ["authors"]], "user_permissions": []}}, {"model": "auth.user", "fields": {"password": "pbkdf2_sha256$390000$Y8ratjcTNgR5agvLQTUBBk$Vc0/WAzxDm7lRpnQtblxU5/3x/zUXwdgbJ/nxgnLXvs=", "last_login": "2022-10-28T03:52:58.756", "is_superuser": false, "username": "test2", "first_name": "", "last_name": "", "email": "test2@test.com", "is_staff": false, "is_active": true, "date_joined": "2022-10-28T03:52:58.185", "groups": [["common_users"]], "user_permissions": []}}, {"model": "auth.user", "fields": {"password": "pbkdf2_sha256$390000$OcJbZ5wk0K0ZS8LcH9r8AA$DOl0sTglZDjm8ofHkJM7GJs5nznIYIjqmpIH5xTZ2mM=", "last_login": "2022-10-28T06:36:05.569", "is_superuser": false, "username": "test", "first_name": "", "last_name": "", "email": "test@test.com", "is_staff": false, "is_active": true, "date_joined": "2022-10-28T06:36:04.985", "groups": [["common_users"]], "user_permissions": []}}, {"model": "auth.user", "fields": {"password": "pbkdf2_sha256$390000$khkvMlLFpz7mgoYXZX9Z1Z$pWVNm6Xv9qb2EO4yh9O7O8YpuEziNVnjEimQNUGZqIk=", "last_login": null, "is_superuser": false, "username": "Akbar", "first_name": "", "last_name": "", "email": "akbar.abdullaev82@yandex.ru", "is_staff": false, "is_active": true, "date_joined": "2022-11-01T05:17:28", "groups": [["authors"]], "user_permissions": []}}, {"model": "auth.user", "fields": {"password": "!DZVaCPoxL1oH7xYExnWv3eo1ViiIr0uwfEl6maSU", "last_login": "2022-11-04T10:24:35.466", "is_superuser": false, "username": "akbar-gangster", "first_name": "akbar", "last_name": "abdullaev", "email": "akbar-gangster@yandex.ru", "is_staff": false, "is_active": true, "date_joined": "2022-11-01T06:02:48", "groups": [["authors"]], "user_permissions": []}}, {"model": "news.author", "pk": 1, "fields": {"user": ["Gentle"], "rating": 15}}, {"model": "news.author", "pk": 2, "fields": {"user": ["Alex"], "rating": -6}}, {"model": "news.author", "pk": 3, "fields": {"user": ["Akbar"], "rating": 0}}, {"model": "news.category", "pk": 1, "fields": {"category_name": "PO", "subscribers": []}}, {"model": "news.category", "pk": 2, "fields": {"category_name": "SP", "subscribers": [["admin"]]}}, {"model": "news.category", "pk": 3, "fields": {"category_name": "SC", "subscribers": []}}, {"model": "news.category", "pk": 4, "fields": {"category_name": "ED", "subscribers": []}}, {"model": "news.category", "pk": 5, "fields": {"category_name": "RE", "subscribers": [["admin"]]}}, {"model": "news.comment", "pk": 1, "fields": {"comment_post": 1, "comment_user": ["Alex"], "comment_text": "Комментария от пользователя user2", "comment_date": "2022-10-08T06:20:21.065", "comment_rating": 2}}, {"model": "news.comment", "pk": 2, "fields": {"comment_post": 2, "comment_user": ["Alex"], "comment_text": "Комментария от пользователя user2", "comment_date": "2022-10-08T06:20:21.131", "comment_rating": 1}}, {"model": "news.comment", "pk": 3, "fields": {"comment_post": 3, "comment_user": ["Gentle"], "comment_text": "Комментария от пользователя user1", "comment_date": "2022-10-08T06:20:21.177", "comment_rating": -2}}, {"model": "news.comment", "pk": 4, "fields": {"comment_post": 4, "comment_user": ["Gentle"], "comment_text": "Комментария от пользователя user1", "comment_date": "2022-10-08T06:20:21.223", "comment_rating": 1}}, {"model": "account.emailaddress", "pk": 18, "fields": {"user": ["Akbar"], "email": "akbar.abdullaev82@yandex.ru", "verified": true, "primary": true}}, {"model": "account.emailaddress", "pk": 19, "fields": {"user": ["akbar-gangster"], "email": "akbar-gangster@yandex.ru", "verified": true, "primary": true}}, {"model": "account.emailaddress", "pk": 21, "fields": {"user": ["Alex"], "email": "alex@test.com", "verified": true, "primary": false}}, {"model": "account.emailaddress", "pk": 23, "fields": {"user": ["Gentle"], "email": "gentle@test.com", "verified": false, "primary": false}}, {"model": "socialaccount.socialaccount", "pk": 2, "fields": {"user": ["akbar-gangster"], "provider": "yandex", "uid": "9687151", "last_login": "2022-11-04T10:24:35.328", "date_joined": "2022-11-01T06:02:48.310", "extra_data": "{\"id\": \"9687151\", \"login\": \"akbar-gangster\", \"client_id\": \"03d5455492a845b7979c264b11caceb8\", \"display_name\": \"akbar-gangster\", \"real_name\": \"akbar abdullaev\", \"first_name\": \"akbar\", \"last_name\": \"abdullaev\", \"sex\": \"male\", \"default_email\": \"akbar-gangster@yandex.ru\", \"emails\": [\"akbar-gangster@yandex.ru\"], \"psuid\": \"1.AAiHfA.rvii5RaTfYvdQDHcjc0QKw.bz65uymIRydPqvg0dmo4hw\"}"}}, {"model": "admin.logentry", "pk": 1, "fields": {"action_time": "2022-10-12T18:07:38.743", "user": ["admin"], "content_type": ["news", "post"], "object_id": "5", "object_repr": "Новость 2", "action_flag": 2, "change_message": "[{\"changed\": {\"fields\": [\"Post content\"]}}]"}}, {"model": "admin.logentry", "pk": 2, "fields": {"action_time": "2022-10-12T18:09:51.467", "user": ["admin"], "content_type": ["news", "post"], "object_id": "4", "object_repr": "Новость 1", "action_flag": 2, "change_message": "[{\"changed\": {\"fields\": [\"Post content\"]}}]"}}, {"model": "admin.logentry", "pk": 3, "fields": {"action_time": "2022-10-12T18:12:17.768", "user": ["admin"], "content_type": ["news", "post"], "object_id": "5", "object_repr": "Кабель или кобель как правильно?", "action_flag": 2, "change_message": "[{\"changed\": {\"fields\": [\"Post type\", \"Post title\", \"Post content\"]}}]"}}, {"model": "admin.logentry", "pk": 4, "fields": {"action_time": "2022-10-12T18:20:32.341", "user": ["admin"], "content_type": ["news", "post"], "object_id": "4", "object_repr": "Козел гулял по улицам Москвы", "action_flag": 2, "change_message": "[{\"changed\": {\"fields\": [\"Post title\", \"Post content\"]}}]"}}, {"model": "admin.logentry", "pk": 5, "fields": {"action_time": "2022-10-12T18:25:33.235", "user": ["admin"], "content_type": ["news", "post"], "object_id": "3", "object_repr": "«Дастин, болван, я иду за тобой». Макгрегор выложи", "action_flag": 2, "change_message": "[{\"changed\": {\"fields\": [\"Post title\", \"Post content\"]}}]"}}, {"model": "admin.logentry", "pk": 6, "fields": {"action_time": "2022-10-12T18:27:42.919", "user": ["admin"], "content_type": ["news", "post"], "object_id": "3", "object_repr": "Дастин, болван , я иду за тобой. Макгрегор выложи", "action_flag": 2, "change_message": "[{\"changed\": {\"fields\": [\"Post title\", \"Post content\"]}}]"}}, {"model": "admin.logentry", "pk": 7, "fields": {"action_time": "2022-10-12T18:32:53.491", "user": ["admin"], "content_type": ["news", "post"], "object_id": "2", "object_repr": "Любовь и голуби", "action_flag": 2, "change_message": "[{\"changed\": {\"fields\": [\"Post title\", \"Post content\"]}}]"}}, {"model": "admin.logentry", "pk": 8, "fields": {"action_time": "2022-10-12T18:34:37.752", "user": ["admin"], "content_type": ["news", "post"], "object_id": "1", "object_repr": "Дни пушкинской поэзии", "action_flag": 2, "change_message": "[{\"changed\": {\"fields\": [\"Post title\", \"Post content\"]}}]"}}, {"model": "admin.logentry", "pk": 9, "fields": {"action_time": "2022-10-26T07:48:55.623", "user": ["admin"], "content_type": ["sites", "site"], "object_id": "1", "object_repr": "127.0.0.1:8000", "action_flag": 2, "change_message": "[{\"changed\": {\"fields\": [\"Domain name\"]}}]"}}, {"model": "admin.logentry", "pk": 10, "fields": {"action_time": "2022-10-27T05:19:58.188", "user": ["admin"], "content_type": ["sites", "site"], "object_id": "1", "object_repr": "127.0.0.1", "action_flag": 2, "change_message": "[{\"changed\": {\"fields\": [\"Domain name\"]}}]"}}, {"model": "admin.logentry", "pk": 11, "fields": {"action_time": "2022-10-27T05:23:40.516", "user": ["admin"], "content_type": ["socialaccount", "socialapp"], "object_id": "1", "object_repr": "SkillFactory-D5.4", "action_flag": 1, "change_message": "[{\"added\": {}}]"}}, {"model": "admin.logentry", "pk": 12, "fields": {"action_time": "2022-10-27T05:30:36.938", "user": ["admin"], "content_type": ["auth", "group"], "object_id": "1", "object_repr": "common_users", "action_flag": 1, "change_message": "[{\"added\": {}}]"}}, {"model": "admin.logentry", "pk": 13, "fields": {"action_time": "2022-10-27T05:31:12.558", "user": ["admin"], "content_type": ["auth", "group"], "object_id": "2", "object_repr": "authors", "action_flag": 1, "change_message": "[{\"added\": {}}]"}}, {"model": "admin.logentry", "pk": 14, "fields": {"action_time": "2022-10-27T05:31:38.496", "user": ["admin"], "content_type": ["auth", "user"], "object_id": "6", "object_repr": "admin", "action_flag": 2, "change_message": "[{\"changed\": {\"fields\": [\"Email address\", \"Groups\"]}}]"}}, {"model": "admin.logentry", "pk": 15, "fields": {"action_time": "2022-10-27T06:52:09.356", "user": ["admin"], "content_type": ["auth", "user"], "object_id": "5", "object_repr": "Alex", "action_flag": 2, "change_message": "[{\"changed\": {\"fields\": [\"Email address\"]}}]"}}, {"model": "admin.logentry", "pk": 16, "fields": {"action_time": "2022-10-27T06:52:25.135", "user": ["admin"], "content_type": ["auth", "user"], "object_id": "5", "object_repr": "Alex", "action_flag": 2, "change_message": "[{\"changed\": {\"fields\": [\"password\"]}}]"}}, {"model": "admin.logentry", "pk": 17, "fields": {"action_time": "2022-10-27T06:52:38.351", "user": ["admin"], "content_type": ["auth", "user"], "object_id": "5", "object_repr": "Alex", "action_flag": 2, "change_message": "[{\"changed\": {\"fields\": [\"Groups\"]}}]"}}, {"model": "admin.logentry", "pk": 18, "fields": {"action_time": "2022-10-27T06:52:54.036", "user": ["admin"], "content_type": ["auth", "user"], "object_id": "4", "object_repr": "Gentle", "action_flag": 2, "change_message": "[{\"changed\": {\"fields\": [\"Email address\"]}}]"}}, {"model": "admin.logentry", "pk": 19, "fields": {"action_time": "2022-10-27T06:53:06.072", "user": ["admin"], "content_type": ["auth", "user"], "object_id": "4", "object_repr": "Gentle", "action_flag": 2, "change_message": "[{\"changed\": {\"fields\": [\"password\"]}}]"}}, {"model": "admin.logentry", "pk": 20, "fields": {"action_time": "2022-10-27T06:53:12.510", "user": ["admin"], "content_type": ["auth", "user"], "object_id": "4", "object_repr": "Gentle", "action_flag": 2, "change_message": "[{\"changed\": {\"fields\": [\"Groups\"]}}]"}}, {"model": "admin.logentry", "pk": 21, "fields": {"action_time": "2022-10-27T07:02:55.574", "user": ["admin"], "content_type": ["auth", "user"], "object_id": "8", "object_repr": "anotherone", "action_flag": 2, "change_message": "[{\"changed\": {\"fields\": [\"First name\"]}}]"}}, {"model": "admin.logentry", "pk": 22, "fields": {"action_time": "2022-10-27T08:41:11.677", "user": ["admin"], "content_type": ["auth", "user"], "object_id": "4", "object_repr": "Gentle", "action_flag": 2, "change_message": "[{\"changed\": {\"fields\": [\"First name\"]}}]"}}, {"model": "admin.logentry", "pk": 23, "fields": {"action_time": "2022-10-27T08:41:21.292", "user": ["admin"], "content_type": ["auth", "user"], "object_id": "5", "object_repr": "Alex", "action_flag": 2, "change_message": "[{\"changed\": {\"fields\": [\"First name\"]}}]"}}, {"model": "admin.logentry", "pk": 24, "fields": {"action_time": "2022-11-01T05:29:57.390", "user": ["admin"], "content_type": ["socialaccount", "socialapp"], "object_id": "1", "object_repr": "SkillFactory-D5.4", "action_flag": 2, "change_message": "[]"}}, {"model": "admin.logentry", "pk": 25, "fields": {"action_time": "2022-11-03T01:21:42.124", "user": ["admin"], "content_type": ["appointments", "appointment"], "object_id": "12", "object_repr": "test: test", "action_flag": 3, "change_message": ""}}, {"model": "admin.logentry", "pk": 26, "fields": {"action_time": "2022-11-03T01:21:42.220", "user": ["admin"], "content_type": ["appointments", "appointment"], "object_id": "11", "object_repr": "test: test", "action_flag": 3, "change_message": ""}}, {"model": "admin.logentry", "pk": 27, "fields": {"action_time": "2022-11-03T01:21:42.337", "user": ["admin"], "content_type": ["appointments", "appointment"], "object_id": "10", "object_repr": "test: test", "action_flag": 3, "change_message": ""}}, {"model": "admin.logentry", "pk": 28, "fields": {"action_time": "2022-11-03T01:21:42.436", "user": ["admin"], "content_type": ["appointments", "appointment"], "object_id": "9", "object_repr": "test: test", "action_flag": 3, "change_message": ""}}, {"model": "admin.logentry", "pk": 29, "fields": {"action_time": "2022-11-03T01:21:42.545", "user": ["admin"], "content_type": ["appointments", "appointment"], "object_id": "8", "object_repr": "test: test", "action_flag": 3, "change_message": ""}}, {"model": "admin.logentry", "pk": 30, "fields": {"action_time": "2022-11-03T01:21:42.645", "user": ["admin"], "content_type": ["appointments", "appointment"], "object_id": "7", "object_repr": "test: test", "action_flag": 3, "change_message": ""}}, {"model": "admin.logentry", "pk": 31, "fields": {"action_time": "2022-11-03T01:21:42.753", "user": ["admin"], "content_type": ["appointments", "appointment"], "object_id": "6", "object_repr": "test: test", "action_flag": 3, "change_message": ""}}, {"model": "admin.logentry", "pk": 32, "fields": {"action_time": "2022-11-03T01:21:42.845", "user": ["admin"], "content_type": ["appointments", "appointment"], "object_id": "5", "object_repr": "test: test", "action_flag": 3, "change_message": ""}}, {"model": "admin.logentry", "pk": 33, "fields": {"action_time": "2022-11-03T01:21:42.936", "user": ["admin"], "content_type": ["appointments", "appointment"], "object_id": "4", "object_repr": "test: test", "action_flag": 3, "change_message": ""}}, {"model": "admin.logentry", "pk": 34, "fields": {"action_time": "2022-11-03T01:21:43.037", "user": ["admin"], "content_type": ["appointments", "appointment"], "object_id": "3", "object_repr": "test: test", "action_flag": 3, "change_message": ""}}, {"model": "admin.logentry", "pk": 35, "fields": {"action_time": "2022-11-03T01:21:43.170", "user": ["admin"], "content_type": ["appointments", "appointment"], "object_id": "2", "object_repr": "test: test", "action_flag": 3, "change_message": ""}}, {"model": "admin.logentry", "pk": 36, "fields": {"action_time": "2022-11-03T01:21:43.270", "user": ["admin"], "content_type": ["appointments", "appointment"], "object_id": "1", "object_repr": "test: test", "action_flag": 3, "change_message": ""}}, {"model": "admin.logentry", "pk": 37, "fields": {"action_time": "2022-11-03T18:40:55.942", "user": ["admin"], "content_type": ["account", "emailaddress"], "object_id": "18", "object_repr": "akbar.abdullaev82@yandex.ru", "action_flag": 2, "change_message": "[{\"changed\": {\"fields\": [\"Verified\"]}}]"}}, {"model": "admin.logentry", "pk": 38, "fields": {"action_time": "2022-11-03T18:41:17.089", "user": ["admin"], "content_type": ["account", "emailaddress"], "object_id": "7", "object_repr": "alex@test.com", "action_flag": 3, "change_message": ""}}, {"model": "admin.logentry", "pk": 39, "fields": {"action_time": "2022-11-03T18:41:17.170", "user": ["admin"], "content_type": ["account", "emailaddress"], "object_id": "4", "object_repr": "test@test.com", "action_flag": 3, "change_message": ""}}, {"model": "admin.logentry", "pk": 40, "fields": {"action_time": "2022-11-03T18:41:17.229", "user": ["admin"], "content_type": ["account", "emailaddress"], "object_id": "3", "object_repr": "test2@test.com", "action_flag": 3, "change_message": ""}}, {"model": "admin.logentry", "pk": 41, "fields": {"action_time": "2022-11-03T18:41:17.304", "user": ["admin"], "content_type": ["account", "emailaddress"], "object_id": "2", "object_repr": "anotherone@test.com", "action_flag": 3, "change_message": ""}}, {"model": "admin.logentry", "pk": 42, "fields": {"action_time": "2022-11-03T18:42:00.872", "user": ["admin"], "content_type": ["sites", "site"], "object_id": "1", "object_repr": "127.0.0.1", "action_flag": 2, "change_message": "[{\"changed\": {\"fields\": [\"Display name\"]}}]"}}, {"model": "admin.logentry", "pk": 43, "fields": {"action_time": "2022-11-03T19:14:28.703", "user": ["admin"], "content_type": ["news", "post"], "object_id": "21", "object_repr": "тест 041122", "action_flag": 1, "change_message": "[{\"added\": {}}]"}}, {"model": "admin.logentry", "pk": 44, "fields": {"action_time": "2022-11-03T19:21:59.574", "user": ["admin"], "content_type": ["auth", "user"], "object_id": "5", "object_repr": "Alex", "action_flag": 2, "change_message": "[{\"changed\": {\"fields\": [\"Staff status\"]}}]"}}, {"model": "admin.logentry", "pk": 45, "fields": {"action_time": "2022-11-03T19:23:19.164", "user": ["admin"], "content_type": ["account", "emailaddress"], "object_id": "21", "object_repr": "alex@test.com", "action_flag": 2, "change_message": "[{\"changed\": {\"fields\": [\"Verified\"]}}]"}}, {"model": "admin.logentry", "pk": 46, "fields": {"action_time": "2022-11-04T09:41:30.388", "user": ["admin"], "content_type": ["account", "emailaddress"], "object_id": "22", "object_repr": "abdullaev.akbar@gmail.com", "action_flag": 2, "change_message": "[{\"changed\": {\"fields\": [\"Verified\"]}}]"}}, {"model": "admin.logentry", "pk": 47, "fields": {"action_time": "2022-11-04T09:44:28.635", "user": ["admin"], "content_type": ["auth", "user"], "object_id": "6", "object_repr": "admin", "action_flag": 2, "change_message": "[{\"changed\": {\"fields\": [\"User permissions\"]}}]"}}, {"model": "admin.logentry", "pk": 48, "fields": {"action_time": "2022-11-04T09:45:24.262", "user": ["admin"], "content_type": ["auth", "user"], "object_id": "8", "object_repr": "anotherone", "action_flag": 2, "change_message": "[{\"changed\": {\"fields\": [\"Groups\"]}}]"}}, {"model": "admin.logentry", "pk": 49, "fields": {"action_time": "2022-11-04T09:46:12.872", "user": ["admin"], "content_type": ["auth", "user"], "object_id": "4", "object_repr": "Gentle", "action_flag": 2, "change_message": "[{\"changed\": {\"fields\": [\"Staff status\"]}}]"}}, {"model": "admin.logentry", "pk": 50, "fields": {"action_time": "2022-11-04T10:18:10.517", "user": ["admin"], "content_type": ["account", "emailaddress"], "object_id": "22", "object_repr": "abdullaev.akbar@gmail.com", "action_flag": 3, "change_message": ""}}, {"model": "admin.logentry", "pk": 51, "fields": {"action_time": "2022-11-04T10:18:29.626", "user": ["admin"], "content_type": ["auth", "user"], "object_id": "26", "object_repr": "abdullaev.akbar", "action_flag": 3, "change_message": ""}}, {"model": "admin.logentry", "pk": 52, "fields": {"action_time": "2022-11-04T10:19:01.478", "user": ["admin"], "content_type": ["auth", "user"], "object_id": "24", "object_repr": "akbar-gangster", "action_flag": 2, "change_message": "[{\"changed\": {\"fields\": [\"Groups\"]}}]"}}, {"model": "admin.logentry", "pk": 53, "fields": {"action_time": "2022-11-04T23:11:23.485", "user": ["admin"], "content_type": ["auth", "user"], "object_id": "23", "object_repr": "Akbar", "action_flag": 2, "change_message": "[{\"changed\": {\"fields\": [\"Groups\"]}}]"}}, {"model": "admin.logentry", "pk": 54, "fields": {"action_time": "2022-11-15T09:25:27.020", "user": ["admin"], "content_type": ["news", "author"], "object_id": "3", "object_repr": "Akbar", "action_flag": 1, "change_message": "[{\"added\": {}}]"}}]